Tier_1,Tier_2,Gender_Male,Qualification,Employment,What_is_EVs,Availability_of_EVs_in_Indian_market,EV_Policies_and_incentives,Advantages_of_EVs_Effect_on_environment_fuel_economy_etc,Disadvantages_of_EVs_Charging_stations_speed_etc,Electric_bus_service_in_your_city,Functioning_of_EV,Maintenance_of_EV,Charging_stations_near_your_neighborhood,Modified_Past_experience,Past_experience,Public_infrastructure_for_charging,Service_stations,Charging_time,Options_of_EVs_in_market,Cost_of_ownership_and_operational_cost,Performance_due_to_the_new_technologies,Quality_and_reliability_of_electricity,Safety,Tax_rebate_on_purchasing_EV_on_credit,Mandating_20p_parking_spaces_to_be_built_with_EV_charging_stations,Separate_tariff_category_for_EV_charging,Tax_rebate,2p_upfront_discount,Cheaper_charging_rates,Separate_driving_lane_and_parking_area,Discount_on_exchange_of_old_EVs_with_new_EVs,Stricter_safety_standards_ensuring_reliability,8year_battery_replacement_warranty,maximum_running_cost 
1,0,1,0,0,1,1,0,1,1,1,1,0,0,0,1,1,1,1,1,1,1,1,1,1,0,0,1,1,1,1,1,1,1,0
1,0,1,0,0,1,1,0,0,0,1,0,0,0,0,0,1,1,1,1,1,1,0,1,0,0,0,0,1,1,1,1,0,0,0
1,0,0,0,0,0,0,0,0,0,0,0,0,0,0,0,0,0,0,0,0,0,0,0,0,0,0,0,0,0,0,0,0,0,0
1,0,1,0,0,1,1,0,1,1,0,1,1,0,0,1,1,1,1,1,1,1,1,1,1,0,1,0,0,1,0,0,1,1,0
0,1,1,0,0,1,1,0,1,1,0,1,1,0,0,0,1,1,1,0,1,1,1,1,1,1,1,0,1,1,0,1,1,1,0
0,0,0,0,0,0,0,0,0,0,0,1,0,0,0,0,0,0,0,0,0,0,0,0,0,0,0,0,0,0,0,0,0,0,1
1,0,1,0,0,1,1,0,1,0,0,1,1,0,0,0,1,1,1,1,1,1,1,1,0,0,0,1,1,1,0,0,1,1,0
0,0,1,0,0,1,1,0,1,0,0,1,0,0,0,0,1,1,1,1,1,1,1,1,0,1,0,0,0,0,0,0,0,0,1
1,0,0,0,0,0,1,1,0,0,1,1,1,1,0,1,1,1,1,1,1,1,1,1,1,1,1,0,0,0,0,0,0,0,1
0,0,1,0,0,1,0,0,0,0,0,0,0,0,0,1,1,1,1,1,0,0,1,1,1,0,0,1,0,1,0,0,1,1,0
0,1,0,0,0,1,1,0,0,0,0,0,0,0,0,0,0,1,1,1,1,0,1,1,0,1,0,0,0,0,0,0,0,0,0
1,0,0,0,0,0,0,0,1,1,0,0,0,0,0,0,0,0,0,0,0,0,0,0,0,0,0,0,0,0,0,0,0,0,0
1,0,1,0,0,0,0,0,1,1,0,0,0,0,0,0,1,1,1,1,1,1,1,1,0,0,0,1,0,1,0,1,1,1,0
1,0,0,0,0,1,0,0,1,0,0,0,0,0,0,0,1,1,1,0,0,0,0,1,0,0,0,0,1,1,1,1,1,0,1
0,0,1,0,0,1,1,0,1,1,0,0,0,0,0,0,0,0,0,0,0,0,0,0,0,0,0,1,1,1,0,1,0,0,0
0,0,0,0,0,0,0,0,0,0,0,0,0,0,0,0,0,0,0,0,0,0,0,0,0,0,0,0,0,0,0,0,0,0,0
0,1,1,0,0,1,0,0,0,0,0,0,0,0,0,0,1,1,1,1,1,1,1,1,0,0,0,1,0,0,1,0,0,1,0
0,1,0,0,0,0,0,0,0,0,0,0,0,0,0,0,1,1,1,0,1,1,1,1,0,0,0,0,0,1,0,1,1,1,1
1,0,1,0,0,1,1,1,1,1,0,1,1,1,1,1,1,1,1,1,1,1,1,1,1,0,1,1,1,1,0,0,1,1,0
1,0,1,0,0,1,1,0,1,1,0,1,1,0,0,1,1,1,1,0,1,1,1,1,1,0,1,1,1,1,0,1,0,1,0
1,0,1,0,0,1,0,0,0,0,0,1,0,0,0,1,1,1,0,0,1,0,0,0,0,0,0,0,0,1,0,0,0,1,0
1,0,1,0,0,1,0,0,1,0,0,0,0,0,0,0,1,1,1,1,1,0,0,1,0,0,0,0,1,0,0,0,1,0,0
1,0,1,0,0,1,1,0,0,1,1,1,1,0,1,1,1,1,1,1,1,1,1,1,1,0,0,0,0,0,0,0,0,0,0
0,1,1,0,0,1,0,0,0,0,0,1,0,0,0,0,1,1,1,1,1,1,1,1,0,0,0,0,0,0,0,0,0,0,0
0,1,1,0,0,1,0,0,1,1,0,1,0,0,0,0,1,1,1,1,0,1,0,1,1,1,1,0,0,1,1,0,1,1,0
0,1,1,0,0,1,0,0,1,0,1,1,1,1,0,1,0,0,0,0,0,0,0,0,1,0,0,1,1,1,0,0,0,0,0
0,1,0,0,1,0,0,0,0,0,0,0,0,0,0,0,0,1,1,0,0,0,1,1,1,1,1,1,1,1,0,0,0,1,1
0,1,0,0,0,1,0,0,1,0,1,1,0,0,0,0,1,1,1,1,1,1,1,1,1,0,0,1,1,1,0,0,1,1,0
0,0,1,0,0,1,0,0,1,1,0,1,1,0,1,1,0,1,1,1,1,1,1,1,1,0,0,0,0,1,1,1,1,1,0
0,1,1,0,0,1,0,0,1,1,0,0,0,0,0,1,1,1,1,1,1,1,1,1,0,0,0,1,1,1,1,0,1,1,1
0,1,1,0,0,1,1,0,1,0,1,1,0,1,0,0,1,1,1,1,1,1,1,1,0,0,0,1,0,1,0,1,1,1,0
0,1,1,0,0,1,1,1,1,1,1,1,1,1,0,1,1,1,1,1,1,1,0,1,1,0,0,1,1,1,0,0,0,0,1
0,1,1,0,0,1,0,0,1,0,0,0,0,0,0,1,1,1,1,1,1,1,1,1,0,1,0,0,1,1,1,1,1,1,1
1,0,0,0,0,1,1,1,1,1,0,0,1,0,0,0,1,1,1,1,1,1,1,1,1,0,1,0,0,1,1,1,1,1,1
1,0,1,0,0,1,1,0,1,1,1,1,1,1,0,1,1,1,1,0,1,1,1,1,1,0,0,1,1,1,1,1,1,1,0
1,0,1,0,0,1,0,0,0,1,0,0,0,0,0,0,1,1,1,1,1,1,1,1,1,0,0,1,1,1,0,0,1,1,1
0,1,1,0,0,1,1,0,1,1,1,1,1,0,1,1,1,1,1,0,1,0,1,1,1,0,1,1,0,0,0,1,1,1,0
0,1,1,0,0,0,0,0,0,0,0,0,0,0,0,0,0,0,0,0,0,0,0,0,0,0,0,1,0,1,0,0,1,1,0
0,0,1,0,0,0,0,0,1,1,0,0,0,0,0,0,0,1,1,0,1,1,1,1,0,0,0,1,0,1,0,0,1,1,1
0,0,1,0,0,1,1,1,1,1,0,0,0,0,1,1,1,1,1,1,1,1,1,1,1,0,0,0,0,0,1,1,1,1,0
0,1,1,0,0,0,0,0,1,1,0,0,0,0,0,0,0,0,0,0,0,0,0,0,1,1,1,0,0,0,0,0,0,0,1
1,0,1,0,0,1,0,0,0,0,0,0,0,0,0,0,1,1,1,0,0,1,1,1,1,0,0,1,0,1,0,1,1,1,1
1,0,1,0,0,1,0,0,1,1,1,1,0,0,0,0,1,1,1,1,1,1,1,1,0,0,0,1,1,1,0,0,1,1,0
1,0,1,0,0,1,0,0,0,0,0,0,0,0,1,1,1,1,1,1,1,1,1,1,0,0,0,1,0,0,0,0,0,0,1
1,0,1,0,0,1,1,0,1,1,0,1,1,0,0,0,1,1,1,0,1,1,1,1,1,0,0,1,0,0,0,0,1,1,0
1,0,1,0,0,1,0,0,1,0,0,0,0,0,0,0,0,0,0,0,0,0,0,0,0,1,1,0,0,0,0,0,0,0,0
1,0,1,0,0,1,1,0,1,0,0,0,0,0,1,1,1,1,1,1,1,1,1,1,1,1,1,0,0,0,0,0,0,0,0
1,0,1,0,0,1,0,0,0,0,0,0,0,0,0,1,1,1,1,1,1,1,1,1,0,0,0,1,1,1,0,0,1,1,0
1,0,1,0,0,1,1,1,1,1,1,1,1,1,0,1,1,1,1,0,1,0,1,1,1,1,1,1,0,0,0,1,1,1,0
1,0,1,0,0,1,0,0,1,0,1,0,0,0,0,1,1,1,0,1,1,1,1,1,0,0,0,1,1,1,0,0,0,1,0
1,0,1,0,0,1,0,0,0,0,1,0,0,0,0,1,0,1,1,1,1,1,1,1,0,0,0,1,0,1,0,0,1,1,0
0,1,0,0,0,0,0,0,1,1,0,0,0,0,0,0,1,1,1,1,1,1,1,1,0,0,0,0,0,0,0,0,1,1,0
0,1,1,0,0,1,1,0,1,1,1,1,1,1,0,0,1,1,1,0,0,0,1,1,1,0,0,1,1,1,0,0,1,1,1
0,1,0,0,0,1,1,1,1,1,0,1,1,0,0,0,1,1,1,1,1,1,1,1,1,1,1,1,1,1,0,1,1,1,0
0,1,1,0,0,1,1,0,1,1,0,1,1,0,0,0,1,1,1,0,1,1,1,1,0,0,0,1,0,1,0,1,1,1,0
1,0,0,0,0,1,1,0,1,1,1,1,1,1,0,1,1,1,1,1,1,1,1,1,1,1,1,1,1,1,1,1,1,1,1
1,0,1,0,0,1,0,0,1,1,1,1,1,0,0,0,1,1,1,1,1,1,1,1,1,0,0,1,1,1,0,0,0,1,1
1,0,1,0,0,1,0,0,1,0,0,1,0,0,0,1,0,0,1,1,1,1,1,1,0,0,0,0,0,1,1,1,1,1,1
0,0,0,0,0,1,0,0,0,0,0,0,0,0,0,0,0,0,0,0,0,0,0,0,0,0,0,0,0,0,0,0,0,0,1
0,1,1,0,1,1,1,0,1,0,0,0,0,1,0,1,0,0,0,0,0,0,0,0,0,0,0,0,0,0,0,0,0,0,1
1,0,1,0,0,1,0,0,1,1,0,1,1,0,0,1,1,1,1,1,1,1,1,1,0,0,1,1,0,0,1,1,1,1,0
0,0,1,0,0,1,1,0,1,1,0,0,0,0,1,1,0,1,1,1,0,1,1,1,0,0,0,0,0,1,1,1,1,1,0
0,1,1,0,0,1,1,1,1,0,0,1,1,1,0,0,1,1,1,0,0,1,0,1,1,1,1,1,1,1,1,1,1,1,1
0,0,1,0,0,1,0,0,0,1,0,0,0,0,0,0,1,1,1,1,1,1,1,1,0,0,0,0,0,0,0,0,0,0,1
0,0,0,0,0,0,1,0,1,1,0,0,0,0,0,0,0,0,0,1,1,1,1,1,0,0,0,0,0,1,1,1,0,1,1
0,1,0,0,0,1,0,0,1,1,1,1,0,0,0,0,0,0,0,0,0,0,0,0,1,0,0,0,0,0,0,0,0,0,0
1,0,1,0,0,1,0,1,1,1,0,1,1,0,0,0,1,1,1,1,0,0,0,1,1,0,1,1,1,1,1,1,0,1,1
1,0,1,0,0,1,0,0,1,1,0,1,1,1,0,1,1,1,1,0,1,1,1,1,0,1,0,1,1,1,1,0,1,0,0
1,0,1,0,0,1,0,1,1,1,0,1,1,0,0,0,1,1,1,1,0,0,0,1,1,0,1,1,1,1,1,1,0,1,1
1,0,1,0,0,1,1,0,1,1,0,1,1,1,0,0,1,1,1,0,0,1,1,1,0,0,0,0,0,0,0,0,1,1,0
0,1,1,0,0,1,0,0,1,0,0,1,0,1,0,0,1,1,1,1,1,1,1,1,0,0,0,1,1,1,1,0,1,0,1
0,1,1,0,0,1,0,0,0,0,0,0,0,0,0,1,0,0,0,0,0,0,0,0,1,0,1,0,0,0,0,0,0,0,1
0,0,1,0,0,1,0,0,0,1,0,1,0,0,0,0,1,0,1,0,1,0,1,1,0,0,0,1,0,1,1,1,1,0,1
0,1,0,0,0,0,1,0,0,0,1,0,0,0,0,0,1,1,1,1,1,1,1,1,0,0,0,0,0,1,1,1,0,0,0
0,1,1,0,0,1,0,0,1,1,1,1,1,1,0,1,1,1,1,1,1,1,1,1,1,0,0,1,1,1,0,0,1,1,1
0,0,1,0,0,1,1,1,1,1,1,0,0,0,0,0,0,0,0,0,0,0,0,0,0,0,0,0,0,0,0,0,0,0,0
0,0,1,0,1,1,1,0,1,0,0,1,1,0,0,1,0,0,0,0,0,0,0,0,0,0,0,0,0,0,0,0,0,0,1
1,0,1,0,0,1,1,0,0,0,0,1,1,0,0,0,1,1,1,1,1,1,1,1,1,0,0,1,0,0,0,0,1,1,1
1,0,1,0,0,1,0,0,1,1,1,1,0,0,1,1,1,1,1,0,1,1,1,1,0,0,0,0,0,1,1,0,1,1,1
1,0,1,0,0,1,0,0,1,1,0,1,1,0,0,0,0,0,0,1,1,1,0,0,0,0,0,0,0,0,0,0,0,0,0
1,0,1,0,0,1,0,0,1,0,1,1,0,0,0,1,1,1,1,0,0,1,1,1,1,1,1,1,0,1,1,1,1,1,1
1,0,1,0,0,1,1,0,1,1,1,1,1,0,0,0,1,1,1,1,1,1,1,1,1,1,1,1,0,1,0,0,1,1,0
1,0,1,0,0,1,0,0,1,1,0,1,1,0,1,1,1,1,1,1,0,1,1,1,0,0,0,0,0,1,1,0,1,1,0
1,0,1,0,0,1,1,1,1,1,1,1,1,1,1,1,0,1,1,1,1,1,0,1,1,1,1,1,1,1,1,1,1,1,0
1,0,1,0,0,1,0,0,1,1,1,0,0,0,0,1,1,1,1,1,1,0,1,1,1,0,0,0,0,1,0,1,1,1,1
1,0,1,0,0,0,0,0,1,1,0,1,0,0,0,0,1,1,1,0,1,0,1,1,0,0,0,1,0,0,1,0,0,0,0
1,0,1,0,0,1,0,0,0,1,0,1,0,0,0,1,1,0,1,0,1,1,1,1,0,0,0,0,0,1,1,1,0,0,1
1,0,1,0,0,1,1,0,0,1,1,1,1,0,0,0,1,1,1,0,1,0,1,1,1,0,0,1,0,1,0,1,1,1,0
1,0,1,0,0,1,0,0,1,1,0,1,1,0,0,0,1,1,1,1,1,1,1,1,0,0,1,1,0,1,0,0,0,1,0
1,0,1,0,0,1,0,0,1,1,0,1,0,0,0,1,1,1,1,0,0,0,1,1,0,0,0,1,1,1,0,1,1,1,1
1,0,1,0,0,1,0,0,1,1,1,0,0,0,0,1,1,1,1,1,1,0,1,1,1,0,0,0,0,1,0,1,1,1,1
1,0,1,0,0,1,1,0,1,1,0,1,0,0,0,0,1,1,1,1,1,1,1,1,0,0,0,1,0,1,0,0,1,1,0
1,0,1,0,0,1,0,0,1,1,0,1,0,0,0,0,1,1,1,0,1,1,1,1,0,0,0,1,0,1,1,0,1,0,1
1,0,1,0,0,1,1,0,1,0,1,0,0,0,0,0,1,1,1,1,1,1,1,1,0,0,0,1,1,1,0,0,1,1,0
1,0,0,0,0,1,0,0,1,1,0,1,0,0,0,0,1,1,1,1,1,1,1,1,0,0,0,0,0,1,0,1,1,1,1
1,0,1,0,0,1,0,0,1,0,0,0,0,0,0,0,1,1,1,1,1,1,1,1,1,0,1,0,0,1,0,0,1,1,1
1,0,1,0,0,1,0,0,0,0,0,1,1,0,0,1,1,1,1,1,0,1,1,1,0,0,0,1,1,1,1,0,1,1,1
1,0,1,0,0,1,1,1,1,1,0,1,1,0,0,0,0,0,0,0,0,0,0,0,1,1,1,1,1,1,0,1,0,1,1
1,0,1,0,0,1,0,0,1,0,1,1,1,0,0,0,1,1,0,0,1,1,0,1,0,0,0,0,0,1,0,1,1,1,0
1,0,1,0,0,1,1,0,1,0,0,1,0,0,1,1,1,1,1,1,0,0,0,1,0,1,0,0,0,1,1,0,0,0,0
1,0,0,0,0,0,0,0,1,1,0,0,0,0,0,0,1,1,1,1,0,1,1,1,1,1,1,0,1,1,1,1,1,1,0
1,0,1,0,0,1,0,1,1,1,0,1,0,0,0,1,1,0,1,1,1,0,1,1,1,0,1,0,0,0,0,0,0,0,0
1,0,1,0,0,1,1,0,1,1,0,1,0,0,0,0,1,1,1,1,1,1,1,1,0,0,0,1,1,1,1,1,1,1,1
1,0,1,0,0,0,1,0,1,1,0,1,1,0,0,1,1,1,1,1,1,1,1,1,0,0,0,1,1,1,1,1,1,1,0
1,0,1,0,0,1,1,0,1,1,0,0,0,0,0,1,1,1,1,1,1,1,1,1,0,0,0,0,0,0,0,0,0,1,1
1,0,1,0,0,1,0,0,1,1,0,1,1,0,0,0,1,1,1,1,1,1,1,1,0,0,0,1,0,0,0,1,1,1,1
1,0,1,0,0,1,1,0,1,1,1,1,0,0,0,0,1,1,1,0,1,0,1,1,1,0,0,1,0,1,0,0,1,1,0
1,0,1,0,0,1,0,1,1,1,0,1,1,0,0,1,1,1,1,1,1,1,1,1,1,0,1,1,1,1,1,1,0,1,0
1,0,1,0,0,0,0,0,0,0,0,0,0,0,0,0,0,1,1,1,0,1,1,1,0,0,0,1,1,1,0,1,1,1,0
1,0,1,0,0,1,0,0,1,1,0,0,0,0,0,1,1,1,1,1,1,1,1,1,0,0,0,1,1,1,1,1,0,1,1
1,0,1,0,0,1,0,0,1,0,0,1,1,0,1,1,0,0,0,0,0,0,0,0,0,0,0,0,0,0,0,0,0,0,0
1,0,1,0,0,1,1,1,1,1,1,1,1,0,1,1,1,1,1,1,1,1,1,1,1,0,0,1,0,1,0,0,1,1,0
0,1,1,0,0,1,0,0,1,1,0,1,1,1,1,1,1,0,1,1,1,1,1,1,1,1,1,1,1,0,0,0,0,0,0
1,0,1,0,0,1,1,1,1,1,1,1,1,1,0,1,1,1,1,1,1,1,1,1,1,1,1,0,0,1,0,1,1,1,0
1,0,0,0,0,1,0,0,1,1,0,1,1,0,0,1,1,1,1,1,1,1,1,1,0,0,0,0,0,1,0,0,0,1,1
1,0,1,0,0,1,1,1,1,1,1,1,1,0,0,0,1,1,1,1,1,1,1,1,0,0,0,1,1,1,1,1,1,1,0
0,0,1,0,0,1,1,0,1,1,0,1,1,0,0,0,1,1,1,1,1,1,1,1,0,0,0,1,0,1,0,1,1,1,0
1,0,1,0,0,1,1,0,1,1,0,1,1,0,0,0,1,1,1,1,1,1,1,1,0,0,0,1,0,1,0,1,0,1,1
1,0,1,0,0,1,1,1,1,1,1,1,0,0,0,1,1,1,1,1,1,1,1,1,1,0,1,0,1,1,1,0,1,1,0
0,1,1,0,0,1,0,0,1,0,0,0,0,0,0,0,1,1,1,1,1,0,1,1,0,0,0,1,0,1,1,1,0,1,1
0,1,1,0,0,1,0,0,1,0,0,1,1,0,0,0,1,0,1,0,1,1,1,1,1,0,0,0,0,1,0,1,1,0,0
0,0,1,0,0,1,1,0,1,1,0,1,0,0,0,0,1,1,1,1,1,1,1,1,1,1,0,0,1,1,0,0,1,1,0
0,0,1,0,0,1,0,0,1,1,0,0,0,0,0,0,1,1,1,1,1,1,1,1,0,0,0,0,1,1,1,1,1,1,1
0,0,1,0,0,0,0,0,0,0,0,0,0,0,0,0,1,1,1,1,1,1,1,1,0,0,0,0,1,1,1,1,0,1,1
0,0,1,0,0,1,1,0,1,1,0,0,0,0,0,1,1,1,1,0,1,1,1,1,0,0,0,1,1,1,0,1,1,1,1
0,0,1,0,0,1,1,0,1,1,0,1,1,0,1,1,1,1,1,1,1,1,1,1,1,0,1,1,0,1,0,1,1,0,1
1,0,0,0,1,1,0,0,0,0,0,0,0,0,0,1,1,1,1,1,1,1,1,1,0,0,0,1,0,1,1,1,1,1,1
0,1,1,0,0,1,1,1,1,1,0,1,1,1,0,0,1,1,1,1,1,1,1,1,0,0,0,0,0,1,0,0,1,1,1
0,1,1,0,0,1,0,1,1,1,0,0,0,1,0,0,1,1,1,1,1,1,1,1,0,0,1,1,1,1,1,0,1,1,0
0,1,1,0,0,1,0,1,1,1,0,0,0,1,0,0,1,1,1,1,1,1,1,1,0,0,1,1,1,1,1,0,1,1,0
0,1,0,0,0,0,0,0,1,1,0,0,0,0,0,0,1,1,1,1,1,0,0,1,0,0,0,1,0,1,0,0,1,1,1
0,1,1,0,1,1,1,0,1,1,1,1,0,0,0,1,1,1,1,0,1,1,1,1,0,0,0,1,0,1,1,0,1,1,0
0,1,0,0,0,1,1,0,1,0,0,1,1,0,1,1,1,1,1,1,0,1,1,1,0,0,0,1,1,1,0,1,1,1,1
0,1,0,0,0,1,0,0,1,1,0,1,1,0,0,0,1,1,1,1,1,1,1,1,0,0,0,1,1,1,0,1,1,1,0
1,0,1,0,0,1,1,0,0,0,0,1,1,0,0,0,0,1,0,0,1,0,1,1,1,0,1,0,1,0,1,1,0,1,1
0,1,0,0,0,1,1,0,1,0,1,0,0,0,0,0,1,1,1,1,1,1,1,1,1,0,1,1,1,1,0,0,1,1,0
0,1,1,0,0,1,0,0,1,0,0,1,0,0,0,0,1,1,1,0,0,0,0,1,0,0,0,0,0,1,1,0,1,0,0
0,1,1,0,0,1,1,1,1,1,1,1,1,1,0,1,1,1,1,1,1,1,1,1,1,0,0,1,0,1,1,1,1,1,1
0,1,1,0,1,1,1,0,1,1,0,0,0,0,0,1,1,1,1,0,0,1,1,1,0,0,0,0,0,1,0,1,1,1,1
0,0,0,0,0,1,1,0,0,1,1,0,0,0,0,1,1,1,1,1,1,1,1,1,0,0,0,0,0,1,1,1,1,1,1
0,0,1,0,0,1,0,0,0,0,0,1,0,0,0,0,1,1,0,0,1,1,1,1,0,0,0,1,1,1,0,0,0,1,0
1,0,0,0,0,0,0,0,0,0,0,0,0,0,0,0,1,1,1,1,1,1,1,1,1,1,1,1,0,0,1,1,1,1,1
0,1,1,0,0,1,1,0,1,0,0,1,1,1,1,1,1,1,1,0,0,1,1,0,1,1,1,1,0,1,0,0,1,1,1
0,0,0,0,0,1,0,0,1,0,0,0,0,0,0,0,1,1,0,0,0,1,1,1,0,0,0,0,0,1,0,0,1,0,1
1,0,1,0,0,1,0,0,1,1,0,1,0,0,0,0,1,1,0,0,1,1,1,1,1,0,0,1,1,1,1,0,0,0,1
1,0,1,0,0,1,1,1,1,1,0,1,1,0,0,0,1,1,1,1,1,1,1,1,1,1,1,1,1,1,1,1,1,0,1
1,0,1,0,0,1,0,0,1,1,0,1,0,0,0,0,1,1,1,0,0,1,1,1,0,0,0,0,0,0,0,0,0,0,1
1,0,1,0,0,1,0,0,1,1,0,1,0,0,0,1,1,1,0,1,1,1,1,1,1,0,0,1,1,1,0,1,1,1,0
1,0,1,0,1,1,1,0,1,1,0,1,0,0,0,0,0,0,0,0,0,0,0,0,1,0,0,0,0,0,0,0,0,0,0
1,0,1,0,0,1,0,0,1,1,1,0,0,1,0,0,1,1,1,1,1,0,0,1,0,0,0,0,0,1,1,1,0,0,0
1,0,1,0,0,1,0,0,1,1,0,0,0,1,0,1,1,1,1,1,1,1,1,1,0,0,0,1,0,1,1,1,1,1,0
1,0,1,0,0,1,0,0,1,1,0,0,0,0,0,1,1,1,1,1,1,1,1,1,0,0,0,1,0,1,1,1,1,1,1
1,0,1,0,0,1,0,0,0,0,0,0,0,0,0,1,0,0,0,0,1,0,1,0,1,0,0,1,1,0,0,1,1,1,1
1,0,1,0,0,1,0,0,0,0,0,1,0,0,0,0,1,1,1,1,0,0,1,1,0,0,0,1,1,1,0,0,1,1,0
1,0,1,1,0,1,1,0,1,1,0,1,1,1,0,0,0,0,1,1,1,1,1,1,0,1,1,0,0,0,0,1,1,1,0
1,0,1,0,0,1,0,0,0,0,0,0,0,1,0,1,1,1,1,1,1,1,1,1,0,0,0,1,0,0,0,0,0,0,1
1,0,0,0,0,0,0,0,0,0,0,0,0,0,0,0,0,0,0,0,0,0,0,0,0,0,0,0,0,0,0,0,0,0,1
1,0,0,0,0,1,0,0,0,0,0,0,0,0,0,0,1,1,1,1,1,1,1,1,0,0,0,0,0,1,0,1,1,1,0
0,1,1,0,0,1,0,0,1,1,0,1,1,1,0,1,0,0,0,0,0,0,0,0,0,0,0,0,0,0,0,0,0,0,1
0,1,1,0,0,1,1,1,1,1,0,1,1,1,1,1,1,1,1,0,0,1,1,1,1,1,1,0,0,0,0,0,1,1,0
0,1,1,0,0,1,1,1,1,1,0,0,0,0,0,1,1,1,1,1,1,1,1,1,1,1,0,1,1,1,1,1,1,1,0
0,1,1,0,0,1,0,0,1,1,0,1,1,0,0,1,1,0,1,0,1,1,1,1,1,0,0,1,0,1,0,0,1,0,0
0,1,1,0,0,1,1,1,1,1,1,0,0,0,0,0,0,0,0,0,0,0,0,0,0,0,0,1,1,1,1,1,1,1,1
0,1,1,0,0,1,1,0,1,1,1,0,0,1,0,0,1,1,1,0,1,1,1,1,1,1,1,1,1,1,0,1,1,1,0
0,1,1,0,0,1,0,0,0,0,1,1,1,0,0,0,1,1,1,0,0,0,0,1,0,0,0,0,0,0,0,0,1,0,0
0,1,1,0,0,1,0,0,1,1,0,1,0,0,0,0,1,1,1,1,1,1,1,1,0,0,0,1,0,1,0,1,1,1,0
0,0,1,0,1,1,1,1,1,1,1,1,1,1,1,1,1,1,1,1,1,1,1,1,1,1,0,1,0,0,0,1,1,1,0
1,0,0,0,1,1,0,0,1,1,0,1,1,0,0,0,1,1,1,1,1,1,1,1,0,1,0,1,1,1,1,1,1,1,0
0,0,1,0,1,1,1,0,1,1,1,1,0,1,0,1,0,0,0,0,0,0,0,0,0,0,0,0,0,0,0,0,0,0,0
0,0,1,0,0,0,0,0,0,0,1,0,0,0,0,0,0,0,0,0,0,0,0,0,0,0,0,0,0,0,0,0,0,0,1
0,0,0,0,1,0,0,0,0,0,0,0,0,0,0,0,1,1,1,1,1,1,1,1,0,0,0,1,1,1,1,1,1,1,1
1,0,0,0,1,0,0,0,1,1,0,0,0,1,0,1,1,1,1,1,1,1,1,1,0,1,0,1,1,1,0,0,1,1,0
1,0,0,0,1,1,1,0,1,1,1,1,0,0,0,0,1,1,1,1,1,1,1,1,0,0,0,1,0,1,0,1,1,0,0
1,0,1,0,1,1,1,1,1,1,1,1,1,1,1,1,1,1,1,1,1,1,1,1,1,1,1,1,1,1,1,1,1,1,0
0,1,1,1,1,1,0,0,1,0,0,1,0,0,0,1,0,0,0,0,0,0,0,0,0,0,0,0,0,0,0,0,0,0,1
0,1,1,0,0,1,1,0,1,1,1,0,0,0,0,1,1,1,1,1,1,1,1,1,1,0,0,0,0,1,0,1,1,1,0
0,1,1,1,0,1,1,1,1,1,0,0,0,0,0,0,1,1,1,1,1,1,1,1,0,0,0,1,0,1,1,1,1,1,1
0,0,1,0,0,1,1,0,1,1,0,1,0,0,0,0,1,1,1,1,1,1,1,1,0,0,0,1,1,1,0,0,1,1,0
0,0,0,0,0,0,0,0,0,0,0,0,0,0,0,0,1,1,1,1,1,1,1,1,0,0,0,0,0,1,0,0,0,0,1
1,0,1,0,1,1,0,0,1,1,0,1,0,0,0,0,1,0,1,0,1,0,0,1,0,0,0,1,1,0,0,1,1,1,0
1,0,0,0,0,1,0,0,0,0,0,0,0,0,0,0,1,1,1,1,1,1,1,1,0,0,0,1,1,1,0,0,0,1,0
0,0,1,0,0,1,1,0,1,1,1,0,0,0,0,0,1,1,1,1,1,1,1,1,0,0,0,0,0,0,0,0,0,0,0
0,0,0,0,0,1,1,0,1,1,0,1,0,0,0,0,1,1,1,1,1,1,1,1,0,0,0,1,1,1,1,1,1,1,0
0,1,1,0,0,1,1,0,1,0,0,0,0,0,0,0,0,1,1,1,1,0,1,1,0,0,0,1,1,1,0,0,1,0,1
1,0,1,0,0,0,0,0,0,0,0,0,0,0,0,1,1,1,0,1,1,0,1,1,0,0,0,0,0,0,0,0,0,0,1
0,1,0,0,1,0,0,0,0,0,0,0,0,0,0,1,1,0,1,0,1,1,1,1,0,0,0,1,0,1,1,1,1,1,0
0,1,1,0,1,1,0,0,1,1,0,1,0,0,0,0,1,1,1,1,1,1,1,1,0,0,0,0,0,1,0,0,1,1,1
0,1,0,0,1,1,0,0,1,1,0,1,0,0,0,0,1,1,1,0,0,0,1,1,0,0,0,1,0,1,0,1,1,1,0
0,1,0,0,1,1,1,0,0,0,0,1,1,1,0,1,1,1,1,1,1,1,1,1,0,1,0,1,1,1,1,1,1,1,1
0,1,1,0,1,1,1,0,1,0,0,1,0,0,0,0,1,1,1,1,1,1,1,1,1,0,1,1,1,1,0,0,1,1,1
1,0,1,0,0,1,0,0,1,1,1,1,1,1,1,1,1,1,1,1,1,1,1,1,0,0,0,1,0,1,0,0,1,1,0
1,0,0,0,0,0,0,0,0,0,0,0,0,0,0,0,1,1,1,1,0,1,1,1,0,0,0,1,1,1,1,1,1,0,0
0,1,0,0,1,1,1,0,1,1,0,1,1,0,0,0,1,1,1,1,1,1,1,1,1,1,0,1,0,1,0,1,1,1,0
0,1,0,0,1,1,0,0,1,1,0,1,0,0,0,0,1,1,1,1,1,1,1,1,1,0,0,1,0,1,1,1,1,1,0
0,1,1,0,0,1,0,0,1,0,0,0,0,0,0,0,1,1,1,1,0,0,0,1,0,1,0,1,1,1,0,0,0,1,1
0,1,1,0,0,1,1,0,0,1,1,0,0,0,0,0,1,1,1,0,0,1,1,1,1,1,1,0,0,1,0,1,1,1,1
1,0,0,0,1,1,1,0,1,1,0,1,1,0,0,0,1,1,1,1,1,1,1,1,1,0,0,1,1,1,1,0,1,0,1
1,0,1,0,0,0,0,1,0,0,0,1,1,1,0,1,1,1,1,1,1,1,1,1,1,1,1,1,1,1,1,1,1,1,0
1,0,1,1,1,1,1,1,1,1,1,1,1,0,0,1,1,1,1,1,1,1,1,1,1,0,1,0,0,0,1,1,1,1,0
1,0,1,0,0,1,0,0,1,1,0,1,1,0,0,1,1,1,1,1,1,1,1,1,0,0,0,0,0,1,1,1,1,1,1
1,0,1,0,0,1,0,0,0,1,0,1,1,0,0,0,1,1,1,1,1,1,1,1,0,0,0,0,1,1,1,1,0,1,0
1,0,1,0,0,1,0,0,1,1,1,0,0,0,0,1,1,1,1,0,1,1,0,0,0,0,0,0,0,0,0,0,0,0,0
1,0,1,0,0,1,0,0,0,0,0,1,0,0,0,0,1,1,1,0,1,1,1,1,0,0,0,1,1,1,0,0,1,1,1
1,0,0,0,0,1,0,0,0,0,0,0,0,0,0,1,1,1,1,1,1,1,1,1,0,0,0,1,1,1,1,1,1,1,0
1,0,0,1,0,1,0,0,1,1,0,0,1,0,0,0,1,1,1,1,1,1,1,1,0,0,0,1,1,1,1,1,1,1,1
0,1,0,1,0,1,0,0,0,1,0,0,0,0,0,0,0,0,0,0,0,0,0,0,0,0,0,0,0,0,1,1,1,1,1
0,1,1,0,1,1,0,0,1,1,0,0,0,0,0,0,1,1,1,1,1,1,1,1,1,1,0,1,1,1,1,1,1,1,0
0,0,1,0,0,1,0,0,1,1,0,1,0,0,0,0,1,1,1,1,1,1,1,1,1,0,0,1,1,1,0,0,1,1,0
0,1,1,0,0,1,1,0,1,1,0,1,1,0,0,0,1,1,1,1,1,1,1,1,0,0,0,1,1,1,0,1,1,1,0
0,1,0,0,0,1,1,0,1,1,0,1,0,0,0,0,1,1,1,1,1,1,1,1,1,0,0,1,1,1,1,1,1,1,1
0,1,0,1,0,1,1,0,1,1,0,1,0,0,0,0,1,1,1,0,1,1,1,1,0,1,0,1,0,1,0,1,1,1,0
0,0,0,0,1,1,1,0,1,1,1,1,0,1,0,1,1,1,1,1,1,1,1,1,0,0,0,1,1,1,0,1,1,1,1
1,0,1,0,1,1,1,0,0,1,0,1,0,0,0,0,1,1,1,1,1,1,1,1,1,0,0,1,0,1,0,0,1,1,0
1,0,1,0,1,1,0,0,0,0,1,0,0,0,0,0,0,0,0,0,0,0,0,0,0,0,0,0,0,0,0,0,0,0,0
1,0,1,0,0,1,1,0,1,1,1,0,0,0,0,0,1,1,1,1,0,1,1,1,1,1,1,0,0,1,0,0,0,1,0
0,0,1,0,1,1,0,0,0,0,0,0,0,0,0,1,1,1,1,1,1,1,1,1,1,1,1,0,0,0,1,1,1,1,0
0,0,1,0,1,0,0,0,0,0,0,0,0,0,0,0,1,1,1,1,1,1,1,1,0,0,0,0,0,0,0,0,0,0,1
0,1,0,0,1,0,0,0,0,0,0,1,1,0,1,1,1,1,1,1,1,1,1,1,0,0,0,0,0,1,0,0,1,1,0
0,1,0,0,0,1,1,0,1,1,0,0,0,0,0,1,1,1,1,1,0,1,1,1,0,0,0,0,0,1,0,0,1,1,0
0,1,0,0,1,0,0,0,0,0,0,0,0,0,0,1,1,1,1,1,1,1,1,1,1,0,1,1,1,1,0,0,1,1,0
0,1,1,0,0,1,0,0,1,1,0,0,0,0,1,1,1,1,1,1,1,1,1,1,0,0,0,1,1,1,1,1,1,1,0
0,1,1,0,1,1,1,1,1,1,0,0,0,1,0,0,1,1,1,1,1,1,1,1,0,0,0,1,1,1,1,1,1,1,1
0,1,0,0,1,1,0,0,1,1,0,0,0,0,0,1,1,1,1,1,0,1,1,1,0,0,0,0,1,1,1,1,1,1,1
0,1,1,0,1,1,1,0,1,1,0,1,1,1,1,1,1,1,1,1,1,1,1,1,1,1,1,0,0,1,0,0,1,1,0
0,0,1,0,1,1,1,0,1,1,1,1,1,0,0,0,1,1,1,1,1,1,1,1,1,0,1,1,1,1,1,1,1,1,0
0,0,1,0,1,1,1,1,1,1,1,1,1,0,0,1,0,0,0,0,0,0,0,0,1,0,0,0,0,0,0,0,0,0,0
0,0,1,0,0,1,1,0,1,1,1,1,1,1,0,1,1,1,1,1,1,1,1,1,1,1,1,0,0,0,0,0,0,0,0
0,1,0,0,1,1,1,0,1,0,0,1,1,0,0,0,0,1,1,1,1,1,1,1,0,0,0,1,1,1,1,1,1,1,1
0,0,1,0,1,1,1,0,1,1,1,1,0,0,0,1,1,1,1,0,1,1,1,1,1,0,0,0,0,1,0,0,1,1,0
0,0,0,0,1,1,0,0,1,0,1,1,0,0,0,0,1,1,1,1,1,1,1,1,0,0,0,1,1,1,0,0,0,1,1
1,0,1,0,1,1,1,1,1,1,1,0,0,0,0,0,0,0,0,0,0,0,0,0,1,0,1,0,0,0,0,0,0,0,0
1,0,0,0,1,1,0,0,1,1,0,0,0,0,0,1,1,1,1,1,1,1,1,1,0,0,0,1,1,1,0,0,1,1,0
0,1,0,0,1,0,0,0,1,1,0,1,0,0,0,0,1,1,1,1,1,1,1,1,1,0,1,1,1,1,1,0,0,1,0
0,0,0,0,0,1,0,0,0,0,0,0,0,1,0,0,0,0,0,0,0,0,0,0,1,1,1,0,0,0,0,0,0,0,1
1,0,1,0,1,0,0,0,1,0,0,0,0,0,1,1,1,1,1,1,1,1,1,1,0,1,0,0,0,0,0,0,0,0,0
1,0,1,0,1,1,1,1,1,0,0,0,0,0,0,0,1,1,1,1,1,1,1,1,0,0,0,1,1,1,1,1,1,1,1
0,1,0,0,1,1,1,0,1,1,0,1,1,0,0,1,1,1,1,1,1,1,1,1,0,0,0,1,1,1,1,1,1,1,0
1,0,1,1,0,1,1,0,1,0,1,1,0,1,0,1,1,1,1,1,1,1,1,1,1,0,1,0,1,1,0,1,1,1,0
0,1,1,0,0,1,1,1,1,1,1,1,0,0,1,1,1,1,1,1,1,1,1,1,1,0,0,1,0,1,0,1,1,1,0
0,0,1,0,0,1,0,0,0,1,1,1,0,0,0,1,1,0,1,0,1,0,1,1,1,0,0,1,1,0,1,0,1,1,0
0,1,1,0,0,1,1,0,1,1,1,0,0,1,0,0,1,1,1,1,1,1,1,1,0,0,0,1,1,1,0,1,1,1,1
0,0,1,1,0,1,0,0,1,0,1,0,0,0,0,0,1,1,1,0,1,1,1,1,0,0,0,1,1,1,0,0,1,0,1
0,1,1,0,1,1,1,1,1,1,1,1,1,1,1,1,1,1,1,1,1,1,1,1,1,1,1,1,1,1,1,1,1,1,1
1,0,0,0,1,1,0,0,1,1,1,0,0,0,0,0,1,1,1,1,1,1,1,1,0,0,0,1,1,1,0,0,1,1,1
0,1,1,0,0,1,0,0,0,0,0,1,0,0,0,0,1,1,1,1,1,0,1,1,1,0,0,1,1,1,1,1,1,1,0
0,1,1,0,1,1,1,0,1,0,0,0,0,0,0,0,1,1,1,1,1,1,1,1,0,0,0,1,1,1,1,1,1,1,1
0,1,1,1,1,1,1,0,1,0,0,1,1,0,0,0,0,0,0,0,0,0,0,0,0,1,0,0,0,0,0,0,0,0,0
0,1,1,0,1,0,0,0,0,0,1,1,0,0,0,0,0,0,0,0,0,0,0,0,1,0,1,0,0,0,0,0,0,0,1
0,1,0,0,0,1,1,0,1,1,1,0,1,1,0,0,1,1,1,1,1,1,1,1,1,1,1,1,1,1,0,1,1,1,1
0,1,0,0,0,1,0,0,0,0,0,0,0,0,0,0,1,1,1,1,1,1,1,1,0,0,0,0,0,1,0,0,1,0,1
0,1,1,0,1,1,0,0,1,0,0,1,0,1,0,0,1,1,1,0,1,1,1,1,0,0,0,1,1,1,1,0,1,1,0
0,1,0,0,1,1,0,0,0,0,1,0,0,0,0,0,0,0,0,0,0,0,0,0,0,0,0,0,0,0,0,0,0,0,1
0,0,1,0,1,1,1,0,1,1,0,1,0,0,0,1,0,0,0,0,0,0,0,0,1,0,1,0,0,0,0,0,0,0,1
1,0,1,1,0,1,1,0,1,1,0,1,1,0,0,0,0,0,0,0,0,0,0,0,0,0,0,0,1,1,1,1,1,1,1
1,0,0,0,0,1,1,1,1,1,1,0,0,0,0,1,1,1,1,0,0,1,1,0,0,0,0,1,0,0,1,1,1,1,0
1,0,0,0,0,1,1,1,1,0,0,0,1,1,0,1,0,1,1,1,0,0,1,1,1,1,0,1,1,1,0,0,1,1,0
1,0,0,0,0,1,0,0,0,0,0,0,0,0,0,1,1,1,1,1,1,1,1,1,0,1,0,1,1,1,1,1,1,1,0
1,0,1,0,0,1,1,0,1,1,0,1,1,0,0,0,1,1,1,1,1,1,1,1,1,0,0,1,1,1,1,1,1,1,0
1,0,0,0,0,0,0,0,0,0,0,0,0,0,0,0,1,1,1,1,1,1,1,1,0,0,0,0,0,1,0,1,1,1,0
1,0,1,0,0,1,0,0,1,1,1,1,0,0,0,0,0,0,0,0,0,0,0,0,0,0,0,0,0,1,0,0,1,1,0
1,0,1,0,0,1,1,0,1,0,1,1,0,0,0,1,1,1,1,1,1,1,1,1,1,0,1,1,1,1,1,1,1,1,1
1,0,1,0,1,1,0,0,0,0,0,1,0,0,0,1,1,1,1,1,0,1,1,1,0,0,0,1,1,0,0,0,1,1,0
1,0,1,1,0,0,0,0,0,0,0,1,0,0,0,1,0,0,0,0,0,0,0,0,0,0,0,0,0,0,0,0,0,0,1
1,0,1,0,0,1,0,0,1,0,0,1,0,0,0,0,1,1,1,1,1,1,1,1,0,0,0,1,1,1,0,1,1,1,1
0,0,1,0,1,1,1,0,1,1,0,0,0,0,0,0,0,0,0,0,0,0,0,0,0,0,0,0,1,1,0,1,1,1,0
0,0,1,0,1,1,1,0,1,0,0,0,1,0,0,1,1,1,1,0,1,1,1,1,0,0,0,0,0,0,0,0,1,1,1
0,0,1,0,1,1,1,1,1,1,1,1,1,1,0,0,1,1,1,1,1,1,1,1,1,1,1,1,1,1,0,1,1,1,0
0,0,1,1,0,1,0,0,0,1,1,0,0,0,0,0,1,1,1,1,1,0,1,1,0,0,0,1,0,0,1,1,0,0,0
0,0,1,0,1,0,0,0,0,0,1,0,0,0,0,1,0,1,1,1,1,1,1,1,0,0,0,0,0,0,0,0,0,0,0
0,0,1,1,0,1,0,0,1,1,0,0,0,0,0,0,1,1,1,1,1,1,1,1,1,0,0,1,0,1,0,0,1,0,0
0,1,0,0,1,1,0,0,0,0,0,0,0,0,0,0,1,1,0,1,1,1,1,1,0,0,0,0,0,0,0,0,0,0,0
0,1,1,0,0,1,0,0,1,1,1,1,0,0,0,0,0,1,0,0,0,0,0,0,1,0,0,1,1,1,1,1,0,1,1
0,0,0,0,1,0,0,0,1,0,0,1,0,0,0,1,1,1,1,1,1,1,1,1,1,1,1,1,1,1,1,1,1,1,0
1,0,1,0,1,1,1,0,0,0,0,1,1,1,1,1,1,1,1,1,1,1,1,1,0,1,0,1,1,1,1,1,1,1,0
1,0,0,0,1,0,1,0,0,0,1,1,0,0,0,1,1,1,1,1,1,1,1,1,1,0,0,1,1,1,1,1,1,1,1
1,0,0,0,1,0,0,0,0,0,0,0,1,1,0,0,0,1,1,0,0,1,1,1,0,0,0,0,1,1,1,1,1,1,0
1,0,0,1,1,1,1,0,1,1,0,1,0,0,0,0,1,1,1,1,1,1,1,1,1,0,1,1,1,1,0,0,0,0,0
0,0,1,1,1,1,0,0,1,0,1,1,1,1,0,1,0,0,0,0,0,0,0,0,1,1,1,0,0,0,0,0,0,0,0
0,1,1,0,1,1,1,0,0,0,0,0,0,1,0,1,0,0,0,0,0,0,0,0,0,0,0,1,1,1,1,0,1,1,1
1,0,1,0,1,1,0,0,1,0,1,0,1,1,0,1,1,1,1,1,1,1,1,1,0,0,0,1,1,1,0,1,1,1,0
1,0,1,1,0,1,1,0,1,1,1,1,0,0,0,0,1,1,1,1,1,1,1,1,1,1,1,0,0,0,0,0,0,0,1
0,1,1,1,1,1,1,0,1,0,0,1,1,0,1,1,0,1,0,1,1,1,1,1,0,0,0,0,0,1,0,0,1,1,0
0,1,1,0,1,1,1,0,1,1,0,1,1,0,0,0,1,1,0,1,1,1,1,1,0,0,0,1,0,0,0,1,0,1,0
0,1,0,0,1,1,0,0,1,1,0,1,0,0,0,0,1,1,1,1,1,1,1,1,0,1,1,0,0,1,0,0,0,1,1
0,1,0,0,0,1,0,0,0,0,0,1,0,0,1,1,1,1,1,1,0,0,1,1,1,0,0,1,1,1,0,0,0,0,1
0,1,1,0,1,1,0,0,1,1,0,1,0,0,0,1,0,0,0,0,0,0,0,0,0,1,0,0,0,0,0,0,0,0,1
0,1,0,0,1,1,0,0,1,1,0,0,0,0,0,0,1,1,1,0,1,1,1,1,0,0,0,1,1,1,1,1,1,1,1
1,0,1,0,0,1,0,0,1,1,0,0,0,0,1,1,1,1,1,1,1,1,1,1,0,0,0,1,1,1,0,1,1,1,0
0,0,1,0,1,1,1,0,1,1,0,1,1,0,1,1,0,0,0,0,0,0,0,0,1,0,0,0,0,0,1,0,1,1,0
0,1,1,0,0,1,0,0,1,1,0,1,1,0,0,0,1,1,1,1,1,1,1,1,0,0,0,0,1,1,1,0,0,0,0
0,1,1,0,0,1,0,0,1,0,0,1,0,0,0,0,1,1,1,1,1,1,1,1,0,0,0,1,1,1,1,1,1,1,0
0,1,1,0,1,1,0,0,1,0,0,0,1,0,0,0,1,1,1,1,0,1,1,1,1,1,1,0,0,1,1,1,1,1,1
0,1,0,0,0,1,0,0,1,0,0,0,0,0,0,0,1,1,1,1,1,1,1,1,1,0,1,1,1,1,0,0,0,1,0
1,0,1,0,1,1,0,0,1,0,1,0,0,1,0,1,0,0,0,0,0,0,0,0,1,1,1,1,0,1,1,1,1,1,0
0,1,1,0,1,1,1,0,1,1,0,1,1,0,0,1,1,1,1,1,1,1,0,1,1,1,1,0,0,1,0,0,0,1,0
0,1,1,0,0,1,0,0,0,1,0,1,0,0,0,0,1,1,1,0,1,1,1,1,0,0,1,1,0,1,0,0,1,1,0
0,1,1,1,0,1,1,0,0,1,1,1,0,0,0,0,0,1,1,0,1,1,1,1,0,0,0,1,0,1,0,0,1,0,0
0,0,0,0,1,1,0,0,1,0,0,0,0,0,0,1,1,1,1,1,1,1,1,1,1,0,0,1,1,1,1,1,1,1,0
1,0,0,0,1,1,0,0,0,0,0,0,0,0,0,0,0,1,1,0,0,1,1,1,0,1,0,1,0,0,1,1,1,0,1
1,0,1,0,0,1,0,0,1,1,0,1,1,0,0,1,0,0,0,0,0,0,0,0,0,0,0,0,1,1,1,1,1,1,0
1,0,1,1,0,1,1,0,1,1,0,1,1,0,0,1,1,1,1,1,1,1,1,1,1,0,0,0,0,0,0,1,0,1,0
1,0,1,0,1,1,1,0,0,0,0,1,1,0,0,1,1,1,1,0,1,1,1,1,0,0,0,0,0,0,0,1,0,0,0
1,0,1,0,0,1,0,0,0,0,0,1,1,0,0,0,0,0,0,0,0,0,0,0,1,1,1,0,0,0,0,0,0,0,1
1,0,1,0,1,1,0,0,1,1,0,0,0,0,0,0,1,1,1,1,1,1,1,1,0,0,0,0,0,1,1,1,1,1,1
1,0,1,0,1,1,1,0,1,1,1,1,0,1,0,1,1,1,1,1,1,1,1,1,1,0,0,1,0,1,0,1,1,1,0
0,1,1,1,1,1,0,0,1,0,1,1,0,0,0,0,1,1,1,1,1,1,1,1,0,0,0,1,1,1,1,1,1,1,0
0,1,1,0,1,1,0,0,1,0,1,1,0,0,0,1,0,0,0,0,0,0,1,1,0,0,0,0,0,1,1,1,0,1,1
0,1,0,0,1,0,0,0,0,0,0,1,1,1,0,0,1,1,1,1,0,0,1,1,0,0,0,1,1,1,0,1,1,1,0
0,1,1,0,0,1,1,0,1,1,1,0,0,0,0,0,1,1,1,1,1,1,1,1,0,0,0,1,1,1,1,1,1,1,1
0,1,0,0,1,1,1,0,1,1,0,1,0,0,1,1,1,1,1,1,1,1,1,1,1,1,0,1,1,1,1,1,1,1,1
0,0,1,0,1,1,1,1,1,1,1,1,1,1,0,1,1,1,1,1,1,1,1,1,1,1,1,1,1,1,1,1,1,1,0
0,1,1,0,1,0,0,0,0,0,0,0,0,0,0,0,0,0,0,0,0,0,0,0,1,0,0,0,0,0,0,0,0,0,0
0,1,0,1,1,1,1,0,1,1,0,1,0,0,0,0,1,1,0,1,1,1,0,1,0,0,0,1,1,1,0,0,1,1,1
0,1,0,0,0,1,0,0,1,0,0,0,0,0,0,0,0,1,1,1,1,1,1,1,0,0,0,1,1,1,0,1,1,1,0
0,1,0,0,1,1,1,0,1,1,0,1,0,0,0,1,1,1,1,1,1,1,1,1,0,0,0,0,0,0,0,0,0,0,1
0,1,1,0,1,1,0,0,1,0,0,0,0,0,1,1,0,1,1,1,0,1,1,1,0,0,0,0,0,0,0,0,0,0,0
0,1,0,0,1,1,1,0,1,1,0,1,1,0,0,0,1,1,1,1,1,1,1,1,0,0,0,1,1,1,1,1,1,1,0
1,0,1,0,1,1,1,0,1,1,0,1,0,0,0,0,1,1,1,1,1,1,1,1,1,0,0,1,1,1,1,0,0,1,1
1,0,1,0,1,1,0,0,1,1,1,0,0,0,0,1,1,1,1,1,1,1,1,1,1,0,0,1,1,1,1,1,1,1,1
0,1,1,0,1,1,1,1,1,0,0,0,0,0,0,0,1,1,1,1,0,1,1,1,1,0,0,1,1,1,0,0,1,1,1
1,0,0,0,1,1,0,0,1,0,0,0,0,0,0,0,1,1,1,0,0,0,0,1,0,0,0,1,1,1,0,0,1,1,1
1,0,1,1,1,1,0,0,0,1,1,0,0,0,0,1,1,1,1,0,1,0,1,1,0,1,0,1,1,1,1,1,1,1,0
0,1,1,0,1,1,0,0,1,0,0,0,0,0,0,0,1,1,1,1,1,1,1,1,0,0,0,1,1,1,0,1,1,1,0
1,0,1,0,1,1,1,0,0,1,1,1,0,0,1,1,1,0,1,0,1,0,1,0,1,0,0,0,0,0,0,0,1,0,0
0,1,0,0,1,1,0,0,1,0,0,1,0,0,0,0,1,1,1,0,0,1,1,1,0,0,0,1,1,1,1,0,1,1,1
0,0,0,0,1,1,0,0,0,0,1,0,0,0,0,0,1,1,1,1,1,1,1,1,0,1,0,0,0,0,0,0,0,0,1
0,1,0,1,1,1,0,0,1,0,0,0,0,0,0,0,1,1,1,0,0,0,0,1,0,0,0,1,1,1,1,0,1,1,0
0,1,0,0,1,1,0,0,1,1,0,0,0,0,0,0,0,0,0,0,0,0,0,0,0,0,0,1,0,1,0,1,1,1,0
0,0,1,1,1,1,1,1,1,1,1,1,1,1,1,1,1,1,1,1,1,1,1,1,1,1,1,0,0,1,1,1,1,1,0
0,1,0,0,1,1,0,0,0,0,0,0,0,0,0,0,1,1,1,1,1,1,1,1,1,1,1,1,1,1,1,1,1,1,1
1,0,0,0,1,1,0,0,0,1,0,0,1,1,0,0,1,1,1,1,0,1,1,1,1,0,0,0,0,0,1,0,1,1,0
1,0,1,0,1,1,1,0,0,0,1,1,1,0,0,1,0,1,1,1,1,1,1,1,1,0,0,1,1,1,0,1,1,1,0
1,0,1,0,1,1,0,0,0,0,0,0,0,0,0,0,1,1,1,1,1,1,1,1,0,0,0,1,1,1,0,0,1,1,0
0,1,0,0,1,1,0,0,0,0,0,1,0,0,0,0,1,1,0,0,0,1,1,1,0,0,0,0,0,0,0,0,0,0,0
0,1,0,0,1,1,0,0,0,0,0,0,0,0,0,0,1,1,1,1,1,1,1,1,0,0,0,0,0,1,0,0,1,0,1
0,1,1,1,1,1,0,0,0,1,0,1,0,0,0,0,0,0,0,0,0,0,0,0,1,0,0,0,0,0,0,0,0,0,0
1,0,1,1,1,1,1,1,1,1,0,1,1,0,1,1,1,1,1,1,1,1,1,1,1,0,0,0,0,1,0,0,1,1,0
0,1,0,0,1,1,0,0,0,0,0,0,1,0,0,1,1,1,1,0,1,0,1,1,1,0,0,1,1,1,0,1,1,1,0
1,0,0,0,1,1,1,1,1,1,1,1,1,1,0,0,1,0,1,1,1,1,1,1,0,1,0,1,1,1,1,1,1,1,1
1,0,0,1,1,1,0,0,1,0,1,0,0,0,0,1,0,0,0,0,0,0,0,0,0,0,0,1,1,1,1,1,1,1,0
1,0,1,1,1,1,1,1,1,1,0,1,0,0,0,0,1,1,0,1,0,1,1,1,1,1,0,0,0,0,0,0,0,0,1
1,0,1,0,1,1,1,0,1,1,1,1,0,0,0,1,1,1,1,1,1,1,1,1,1,1,1,0,0,0,0,0,0,0,1
1,0,0,0,1,1,0,0,1,0,0,0,0,0,0,0,1,1,1,0,1,1,1,1,1,0,0,0,0,1,1,1,1,1,1
1,0,1,0,1,1,1,0,1,0,1,0,0,0,0,0,0,0,0,0,0,0,0,0,0,0,0,0,0,0,0,0,0,0,1
1,0,1,0,1,1,0,0,1,1,1,1,0,1,0,1,1,1,1,1,1,1,1,1,0,0,0,0,0,0,0,0,0,0,0
1,0,0,0,1,1,0,0,1,0,0,0,0,0,0,0,1,1,1,1,1,1,1,1,0,0,0,0,0,1,1,1,1,1,0
0,1,0,0,1,1,0,0,1,0,0,0,0,0,0,1,0,0,1,1,1,0,1,1,1,0,0,1,1,1,0,0,0,0,1
1,0,1,0,1,1,0,0,0,0,1,0,0,0,0,0,0,0,0,0,0,0,0,0,0,0,0,0,0,0,0,0,0,0,1
1,0,1,0,1,1,1,1,1,1,1,1,1,0,0,0,0,0,0,0,0,0,0,0,1,1,1,0,0,0,0,0,0,0,0
1,0,1,0,1,1,0,0,0,0,0,0,0,0,0,0,1,1,1,1,1,1,1,1,1,0,0,0,0,1,1,1,1,1,1
1,0,0,0,1,1,1,1,1,0,1,1,1,1,0,0,0,0,0,0,0,0,0,0,1,1,1,0,0,0,0,0,0,0,1
1,0,0,0,1,1,0,0,0,0,0,0,0,0,0,0,1,1,1,0,1,1,1,1,0,0,0,1,0,0,0,1,1,1,0
1,0,0,0,1,1,0,0,1,1,0,0,0,0,0,0,0,0,0,0,0,0,0,0,0,0,0,0,0,0,0,0,0,0,0
1,0,0,0,1,1,1,0,0,1,0,1,0,0,0,1,0,0,0,0,0,0,0,0,0,0,0,0,0,0,0,0,0,1,1
0,0,0,0,1,1,0,1,1,1,0,1,0,0,1,1,1,1,1,1,1,1,1,1,1,1,1,1,1,1,0,1,0,1,0
0,1,0,1,1,1,1,0,1,1,0,0,0,0,0,0,1,1,1,1,1,1,1,1,0,0,0,1,1,1,0,0,1,1,0
1,0,1,0,1,1,1,0,1,1,1,0,1,0,0,0,1,1,1,1,1,1,1,1,1,1,1,1,0,1,0,0,1,1,0
1,0,0,0,1,1,0,0,1,0,0,0,0,0,0,0,0,0,0,0,0,0,0,0,0,0,0,0,0,0,0,0,0,0,1
1,0,0,0,1,0,0,0,1,1,1,0,1,0,0,1,1,1,1,1,1,1,1,1,0,0,0,0,0,1,1,1,1,1,1
1,0,0,1,1,1,0,0,1,0,1,0,0,0,0,0,1,1,1,1,1,1,1,1,0,0,0,1,1,1,1,1,1,0,0
0,1,1,0,1,1,1,1,1,1,1,0,0,0,0,0,1,1,1,1,1,1,1,1,1,1,1,0,0,1,1,1,1,1,0
1,0,1,0,1,1,0,0,0,0,0,1,0,0,0,0,1,1,1,1,1,1,1,1,0,0,0,1,1,1,1,0,1,1,0
0,1,1,0,1,1,0,0,0,0,0,0,0,0,0,0,1,1,1,1,1,1,1,1,1,1,0,1,1,1,1,1,1,1,0
1,0,0,0,1,0,0,0,0,0,0,0,0,0,0,0,1,1,1,1,1,1,1,1,0,0,0,1,1,1,1,1,1,1,0
1,0,0,1,1,1,0,0,0,0,0,0,0,0,0,0,1,1,1,1,1,1,1,1,0,0,0,0,0,1,1,1,1,1,0
1,0,0,0,1,0,0,0,0,0,0,0,0,0,0,0,0,0,0,0,0,0,0,0,0,0,0,0,0,0,0,0,0,0,0
1,0,0,0,1,1,0,0,0,0,0,0,0,0,0,0,1,1,1,1,1,1,1,1,0,1,0,1,1,1,0,0,0,0,0
1,0,0,0,1,1,0,0,0,0,0,0,0,0,0,0,0,0,0,0,0,0,0,0,0,0,0,0,0,0,0,0,0,0,0
1,0,1,0,1,1,1,1,1,1,1,1,1,1,1,1,1,1,1,1,1,1,1,1,0,0,0,0,1,1,1,1,1,1,0
1,0,0,0,1,1,0,0,0,0,0,0,0,0,0,0,1,1,1,1,1,1,1,1,0,0,0,1,0,1,1,1,1,1,0
1,0,0,0,1,1,0,0,1,0,0,0,0,0,0,1,1,1,1,1,1,1,1,1,0,0,0,0,0,1,1,1,1,1,1
1,0,1,1,1,1,1,0,0,0,0,0,0,0,0,0,1,1,1,1,1,0,1,1,0,0,0,0,0,1,1,1,1,1,0
1,0,0,0,1,1,1,0,1,0,0,0,0,1,0,0,0,0,0,0,0,0,0,0,1,1,1,0,0,0,0,0,0,0,0
0,1,1,0,1,1,1,1,1,1,1,1,1,0,0,0,1,1,0,1,0,0,0,1,1,1,1,0,0,0,0,0,0,1,1
0,1,1,0,1,1,1,0,0,1,0,1,1,0,0,1,1,1,1,1,1,1,1,1,0,0,0,1,1,1,1,1,1,1,0
1,0,0,0,1,1,1,0,1,1,0,1,0,0,0,0,0,0,0,0,0,0,0,0,1,0,0,0,0,0,0,0,0,0,0
1,0,0,0,1,0,0,0,1,0,0,0,0,0,0,0,1,1,1,1,1,1,1,1,0,0,0,1,1,1,1,1,1,1,0
1,0,1,0,1,1,1,0,1,1,0,1,1,0,0,1,1,1,1,1,1,1,0,0,0,0,1,1,0,1,1,0,1,1,1
1,0,0,0,1,1,1,1,1,1,1,0,0,0,0,0,0,0,0,0,0,0,0,0,1,1,1,0,0,0,0,0,0,0,1
1,0,0,0,1,1,1,0,0,0,0,1,1,0,0,0,1,1,1,1,1,1,1,1,1,1,1,1,1,1,1,1,1,1,0
0,1,1,1,1,1,1,0,0,0,0,1,1,0,0,0,0,0,0,0,0,0,0,0,0,0,0,0,0,0,0,1,1,1,0
0,1,1,0,1,1,1,0,1,1,0,1,0,0,0,1,1,1,1,1,1,1,1,1,1,0,0,0,0,1,0,0,1,1,0
1,0,1,0,1,1,0,0,1,1,0,1,1,0,1,1,1,1,1,1,1,1,1,1,0,0,0,1,1,1,0,1,1,1,0
1,0,0,0,1,1,0,0,0,0,0,0,0,0,0,0,0,0,0,0,0,0,0,0,0,0,0,0,0,0,0,0,0,0,0
1,0,1,0,1,1,1,0,1,1,1,1,1,0,0,0,0,0,1,1,1,1,1,1,1,0,1,1,0,1,1,0,1,1,0
1,0,1,1,1,1,0,0,1,1,0,0,0,0,0,0,1,1,1,0,1,1,1,1,0,0,0,1,1,1,0,0,1,1,1
1,0,0,0,1,0,0,0,0,0,0,0,0,0,0,0,1,1,1,0,0,1,1,1,1,0,0,1,1,1,0,0,0,0,0
1,0,0,1,1,1,0,0,1,1,0,0,1,0,0,0,1,1,1,1,1,1,1,1,0,0,0,1,1,1,1,0,1,1,1
0,1,1,0,1,1,1,1,1,0,1,0,0,0,0,0,1,1,1,1,1,1,1,1,1,0,0,0,0,0,0,0,0,0,1
0,1,1,0,1,1,0,0,0,0,0,0,0,0,0,0,0,0,0,0,0,0,0,0,0,1,0,0,0,0,0,0,0,0,1
1,0,0,0,1,1,0,0,1,1,0,1,0,0,0,1,0,0,0,0,0,0,0,0,0,0,0,0,0,0,0,0,0,0,1
0,1,1,0,1,1,0,0,1,1,0,1,1,0,1,1,0,0,0,0,0,0,0,0,1,0,1,1,0,0,0,1,0,1,0
1,0,1,0,1,1,1,1,1,1,1,1,0,0,0,0,0,0,0,0,0,0,0,0,1,0,0,0,0,0,0,0,0,0,0
1,0,0,0,1,1,0,0,0,0,0,0,0,0,0,0,0,0,0,0,0,0,0,0,0,0,0,0,0,0,0,0,0,0,1
1,0,0,1,1,1,1,0,1,0,0,0,0,0,1,1,0,0,0,0,0,0,0,0,1,1,1,0,0,0,0,0,0,0,1
1,0,0,1,1,1,0,0,1,0,0,1,0,0,0,0,0,0,0,0,0,0,0,0,0,0,0,0,0,0,0,0,0,0,0
1,0,0,0,1,1,0,0,1,0,0,0,0,0,0,0,1,1,1,1,0,0,1,1,0,1,0,1,1,0,1,0,1,1,0
0,1,1,0,1,1,1,1,1,1,0,1,1,0,0,0,0,1,1,1,1,1,1,1,1,0,0,1,1,1,0,1,1,1,0
1,0,0,1,1,1,0,0,1,0,0,0,0,0,0,0,1,1,1,1,1,1,1,1,0,0,0,1,1,1,1,1,1,1,1
1,0,1,1,1,1,1,1,1,1,1,0,1,1,0,0,1,1,1,1,1,1,1,1,1,1,0,1,1,1,0,0,1,0,0
1,0,1,0,1,1,0,1,1,1,0,1,1,0,0,0,1,1,1,1,1,0,1,1,1,1,1,1,0,1,0,0,0,1,0
1,0,1,0,1,1,0,0,0,0,0,1,1,1,0,1,1,1,1,1,1,1,1,1,1,0,0,0,0,0,0,0,1,1,1
1,0,1,0,1,1,1,0,1,1,0,0,0,1,0,0,1,1,1,1,1,1,1,1,1,0,0,0,0,0,0,0,1,1,0
1,0,1,0,1,1,1,0,1,1,1,0,0,0,0,0,1,1,1,1,1,1,1,1,0,0,0,0,0,0,0,0,1,1,0
1,0,1,0,1,1,0,1,1,1,0,1,1,0,0,0,0,1,1,0,1,1,1,1,1,0,0,1,1,1,0,1,1,1,0
1,0,0,0,1,1,0,0,1,0,0,1,0,0,0,0,1,1,1,1,1,1,1,1,1,0,0,1,1,1,1,1,1,1,0
1,0,0,0,1,1,1,0,0,0,1,1,0,0,0,0,1,1,1,1,1,1,1,1,0,0,0,0,0,0,0,0,0,0,1
0,0,0,0,1,1,1,0,1,1,0,1,1,0,1,1,1,1,1,1,1,1,1,1,0,0,0,1,1,1,1,1,1,1,1
0,1,0,0,1,1,1,0,0,0,0,0,0,0,0,1,1,1,1,1,1,1,1,1,0,0,0,1,1,1,1,1,1,1,1
1,0,1,0,1,1,1,1,1,1,1,1,1,1,0,1,1,1,1,1,1,1,1,1,1,0,0,1,0,1,1,1,1,1,1
1,0,1,0,1,1,1,1,1,1,1,1,1,0,0,1,1,1,1,1,1,1,1,1,1,0,0,1,0,0,1,1,1,1,0
0,1,1,0,1,0,0,0,0,0,0,1,0,0,0,0,1,1,1,1,1,1,1,1,0,0,0,1,1,1,0,0,1,1,1
1,0,1,0,1,1,1,1,1,1,1,1,0,1,0,0,1,1,1,1,1,1,1,1,1,1,1,0,0,0,0,0,0,0,0
1,0,1,0,1,1,1,1,1,1,0,1,0,0,0,0,1,0,0,0,0,0,0,0,1,0,0,1,0,1,1,1,1,1,0
0,0,1,1,1,1,1,1,1,0,0,1,1,0,0,1,1,1,1,1,1,1,1,1,1,0,0,0,0,0,0,1,1,1,0
1,0,0,0,1,1,1,1,1,1,1,0,0,0,0,0,1,1,1,1,1,1,1,1,0,0,0,1,1,1,0,1,1,1,1